Fitzpatrick ,Moana ,24/11/1998 ,F ,82,et@hotmail.edu ,8841445,B.com ,teacher ,No ,driving ,1-836-885-3072 ,Ap #301-2426 Consequat Avenue ,Lutsk ,465264,Caquetá ,Canada,Person 2,
England ,Stacey ,16/12/1994 ,F ,56,metus.vivamus.euismod@icloud.ca ,1513854844,B.com ,employee ,No ,travel ,1-774-528-4265 ,Ap #523-3732 Mauris Rd. ,El Salvador ,1812,Luik ,Germany,Person 3,
Padilla ,Cody ,4/9/2002,M ,59,lobortis.tellus.justo@aol.edu ,111328319,primary school ,farmer ,Yes ,driving ,(572) 916-5606 ,164-8174 Quisque St. ,Stellenbosch ,651227,Special Capital Region of Jakarta ,Netherlands,Person 4,
Bauer ,Martina ,30/07/2004 ,M ,49,nullam.lobortis@icloud.net ,135752771,bechlore ,student ,Yes ,fishing ,(467) 511-9371 ,Ap #294-9261 Ut Rd. ,Nogales ,395006,South Australia ,Peru,Person 5,
Rutledge ,Axel ,10/2/2014,F ,70,sem.pellentesque@google.edu ,7194168,high school ,student ,No ,driving ,1-344-459-4184 ,Ap #292-5566 Libero. Avenue ,Radom ,761082,Metropolitana de Santiago ,Peru,Person 6,
Mathews ,Jarrod ,24/06/2015 ,M ,71,tincidunt@protonmail.net ,3733555,engineer ,diamondworker ,Yes ,rafting ,1-432-385-7413 ,892-4524 Ut Ave ,Stellenbosch ,56544,Västra Götalands län ,Peru,Person 7,
Tillman ,Dexter ,25/08/2021 ,M ,43,et.ultrices@aol.couk ,2637126,B.com ,farmer ,Yes ,driving ,1-151-389-7528 ,Ap #269-9807 Diam Rd. ,Sheikhupura ,56544,Kaduna ,India,Person 8,
Herrera ,Wynne ,12/4/1996,M ,67,sed.et.libero@protonmail.net ,6127191,bechlore ,diamondworker ,Yes ,driving ,(572) 352-5544 ,Ap #191-8942 Quisque Ave ,Kemerovo ,611628,Gilgit Baltistan ,Philippines,Person 9,
Clemons ,Chase ,17/07/1998 ,F ,19,et.ultrices.posuere@outlook.edu ,114801477,high school ,manager ,Yes ,drawing ,(668) 614-1566 ,Ap #162-6381 Aliquet Rd. ,Sulzbach ,321625,Central Kalimantan ,Netherlands,Person 10,
Henson ,Skyler ,3/1/2020,M ,29,amet.lorem@icloud.ca ,7007289,bechlore ,atheletic ,Yes ,driving ,(205) 847-8756 ,Ap #805-6407 Lobortis, Rd. Franeker ,9831,Sachsen ,Russian Federation,Person 11,
Sampson ,Fuller ,11/10/2008,M ,84,ullamcorper@aol.ca ,3467637,bechlore ,manager ,No ,driving ,(225) 366-3342 ,Ap #687-849 Non, Avenue Melilla,683548,Berlin ,Russian Federation,Person 12,
Wiley ,Fulton ,29/07/1999 ,M ,72,feugiat@protonmail.org ,147768349,B.com ,houseworker ,Yes ,listening music ,(862) 461-2795 ,P.O. Box 674, 258 Turpis. Avenue North Waziristan ,623692,Araucanía ,India,Person 13,
Hayden ,Ahmed ,8/8/2000,M ,79,donec@hotmail.ca ,7219433,bechlore ,farmer ,Yes ,driving ,1-343-855-8527 ,830-5961 Maecenas Ave ,Assiniboia ,113370,Alabama ,India,Person 14,
Mullins ,Desiree ,19/05/2005 ,F ,45,metus.in.nec@icloud.edu ,6779727,engineer ,atheletic ,No ,travel ,(763) 767-4243 ,P.O. Box 709, 6002 Sit Avenue ,11927,Dalarnas län ,Colombia,Person 15,
Golden ,Abra ,7/1/2001,F ,57,ridiculus.mus@google.ca ,7314271,engineer ,farmer ,Yes ,travel ,1-415-884-9153 ,Ap #639-2982 Fringilla Rd. ,Notodden ,601145,Vlaams-Brabant ,South Korea,Person 16,
Morgan ,Kenyon ,2/4/2000,F ,33,porta.elit.a@aol.org ,182435385,primary school ,racer ,No ,drawing ,(708) 321-9347 ,Ap #421-5589 Non, Road Bắc Giang ,99994,Norte de Santander ,France,Person 17,
Leach ,Michelle ,21/03/2019 ,M ,68,ut.dolor@google.couk ,121137479,bechlore ,atheletic ,No ,travel ,(402) 775-6994 ,3238 Tristique Av. ,Volokonovka ,71535,Podkarpackie ,Austria,Person 18,
Patrick ,Bo ,25/10/2008 ,M ,81,orci.lacus.vestibulum@yahoo.ca ,137169553,B.com ,racer ,No ,driving ,(302) 336-6133 ,Ap #245-7438 Mi Ave ,Chicoutimi ,871361,Vienna ,Indonesia,Person 19,
O'donnell ,Eve ,19/12/1996 ,M ,53,diam.proin@yahoo.couk ,8832219,B.com ,atheletic ,No ,listening music ,1-624-413-7817 ,1422 Donec Street ,Inner Mongolia ,138155,Western Visayas ,South Korea,Person 20,
Jarvis ,Burton ,18/10/2012 ,M ,17,ultrices@google.com ,124038821,primary school ,manager ,Yes ,listening music ,(845) 496-4111 ,Ap #792-8251 Pede Ave ,Mamuju ,6818,Manisa ,India,Person 21,
Hoover ,Azalia ,25/11/2001 ,M ,21,sociosqu@icloud.edu ,140763201,engineer ,racer ,Yes ,listening music ,1-434-375-3581 ,628-4269 Blandit Av. ,Brevik ,9326,Benue ,Singapore,Person 22,
Barrett ,Wang ,3/4/2000,M ,24,nunc.sit@protonmail.com ,2071252,high school ,teacher ,No ,rafting ,1-301-371-7091 ,P.O. Box 635, 4877 Nisl. Street Puerto Guzmán ,597415,Alajuela ,Pakistan,Person 23,
Clark ,Ulysses ,24/09/2020 ,M ,27,mi@hotmail.ca ,176272497,high school ,houseworker ,Yes ,watch movie ,1-733-863-6459 ,2536 Metus. Rd. ,Silvassa ,688867,Opolskie ,United States,Person 24,
Weber ,September ,1/12/2007,F ,74,orci.luctus@hotmail.org ,137582084,primary school ,employee ,No ,rafting ,1-422-244-5782 ,7038 Vestibulum St. ,Welshpool ,16159,Loreto ,France,Person 25,
Rivas ,Kibo ,7/4/2019,M ,72,dui.in@protonmail.com ,117231681,bechlore ,farmer ,Yes ,hicking ,(673) 284-6571 ,965-188 Nisl Avenue ,Cao Bằng ,50817,Hessen ,Indonesia,Person 26,
Mcneil ,Zena ,3/11/2018,F ,75,diam.proin.dolor@yahoo.com ,152837218,primary school ,racer ,Yes ,listening music ,1-890-830-4545 ,Ap #944-811 Duis Street ,Huancayo ,548873,Banffshire ,Vietnam,Person 27,
Todd ,Colette ,25/06/2008 ,F ,52,non@google.org ,3781386,bechlore ,diamondworker ,Yes ,hicking ,1-211-326-2065 ,5928 Metus Ave ,Kimberley ,40201,Castilla - La Mancha ,Poland,Person 28,
Jimenez ,Tanek ,23/03/2006 ,M ,18,dolor.quam.elementum@protonmail.com ,2374623,engineer ,diamondworker ,No ,rafting ,1-806-378-2355 ,254-9773 Mauris Avenue ,Padang ,847574,Biobío ,Belgium,Person 29,
Pollard ,Edward ,21/03/2017 ,M ,23,nunc.lectus@google.org ,6319383,bechlore ,diamondworker ,No ,driving ,1-394-845-2486 ,Ap #513-6507 Metus Av. ,Ivanovo ,85811,Xīběi ,India,Person 30,
Mayo ,Nissim ,16/02/2008 ,M ,8,ipsum.nunc@icloud.net ,9008788,engineer ,student ,No ,hicking ,1-294-371-1827 ,570-1040 In Avenue ,Tarzo ,69576,San Andrés y Providencia ,Netherlands,Person 31,
Schmidt ,Rhoda ,27/05/1997 ,M ,47,euismod@icloud.com ,7501116,B.com ,student ,No ,driving ,1-670-187-7375 ,608-1235 Ullamcorper, Road Tanjung Pinang ,2667,Illinois ,Italy,Person 32,
Landry ,Brianna ,3/12/2000,F ,70,tristique.pellentesque@hotmail.org ,151435943,high school ,farmer ,No ,hicking ,(717) 868-8022 ,630-1739 Odio. Rd. ,Kaduna ,31855,Istanbul ,Colombia,Person 33,
Grimes ,Emery ,8/8/2003,M ,44,blandit.congue@yahoo.couk ,9757146,bechlore ,farmer ,No ,listening music ,1-759-293-4867 ,Ap #440-3648 Duis Rd. ,San Nicolás ,38411,Rio de Janeiro ,India,Person 34,
Blevins ,Xander ,9/11/2017,M ,89,aliquam@aol.edu ,114833425,primary school ,student ,No ,hicking ,(664) 565-5160 ,P.O. Box 923, 6282 Sapien  Avenue Charleville-Mézières ,82506321,Samsun ,China,Person 35,
Michael ,Scarlett ,21/08/2008 ,F ,72,libero@protonmail.edu ,4876442,high school ,farmer ,No ,fishing ,(840) 537-9957 ,3997 Lobortis Ave ,Ivanovo ,413331,Central Java ,Spain,Person 36,
Aguirre ,Nash ,1/7/1994,F ,81,lorem.donec@hotmail.org ,17314196,bechlore ,farmer ,No ,drawing ,1-684-368-5789 ,Ap #115-6782 Tempus Rd. ,Springdale ,83323,Mpumalanga ,Vietnam,Person 37,
Berger ,Hayley ,21/09/2009 ,M ,51,parturient.montes@yahoo.edu ,189135538,B.com ,atheletic ,No ,travel ,(743) 946-3146 ,146-599 Proin Street ,Jammu ,243270,Connecticut ,Ireland,Person 38,
Savage ,Burton ,27/12/2004 ,F ,85,mauris.quis.turpis@yahoo.edu ,159503865,engineer ,employee ,No ,drawing ,1-724-472-2681 ,618-6706 Ac Av. ,Bloemfontein ,733355,Hatay ,Mexico,Person 39,
Jackson ,Fitzgerald ,31/03/2010 ,F ,3,vitae.aliquet@outlook.org ,172666727,B.com ,farmer ,Yes ,hicking ,(225) 582-4181 ,4118 Vehicula St. ,Kalat ,453660,North West ,Norway,Person 40,
Small ,Eve ,29/02/2020 ,M ,47,libero.at.auctor@aol.org ,2465581,engineer ,diamondworker ,No ,driving ,(384) 926-0642 ,Ap #734-8065 Ridiculus Street ,Izmail ,912272,Dolnośląskie ,France,Person 41,
Rogers ,Cameran ,11/6/2007,M ,16,nunc.sit@hotmail.edu ,189991451,bechlore ,employee ,Yes ,watch movie ,1-150-644-7753 ,824-7598 A, Street Laval ,51887,Niedersachsen ,Peru,Person 42,
Oliver ,Breanna ,7/5/2016,M ,4,urna.nec.luctus@icloud.ca ,7083171,engineer ,diamondworker ,Yes ,watch movie ,(606) 642-2112 ,666-1989 Duis Ave ,Qutubullapur ,4127,Punjab ,Netherlands,Person 43,
Gregory ,Hayes ,12/7/2014,M ,53,faucibus.ut.nulla@google.couk ,134537328,primary school ,houseworker ,Yes ,rafting ,(458) 161-9181 ,755-2737 Sed Ave ,Narbonne ,21359,Zeeland ,France,Person 44,
Baird ,Stuart ,24/05/2006 ,M ,30,nunc.mauris@outlook.edu ,7081666,primary school ,farmer ,Yes ,fishing ,1-919-717-0385 ,P.O. Box 739, 1766 Aliquet. St. Vancouver ,36218,Östergötlands län ,Belgium,Person 45,
Grimes ,Lois ,18/05/1994 ,F ,9,nullam.vitae.diam@aol.com ,9765692,primary school ,farmer ,Yes ,hicking ,1-565-641-4274 ,Ap #607-1063 Hendrerit Road ,Dublin ,19544,South Island ,Nigeria,Person 46,
Stone ,Hamish ,7/8/2021,M ,87,nulla@icloud.net ,4808472,bechlore ,manager ,Yes ,drawing ,(397) 367-8205 ,P.O. Box 440, 2798 Integer Avenue Cabuyao ,346463,Australian Capital Territory ,India,Person 47,
Pace ,Jacob ,14/12/2001 ,M ,2,lorem@hotmail.couk ,153847161,primary school ,manager ,Yes ,rafting ,(103) 525-7648 ,569-4595 Mauris Road ,Yangju ,3421879,Vienna ,United States,Person 48,
Talley ,Lane ,10/1/2008,M ,36,at@icloud.org ,156431970,engineer ,employee ,No ,fishing ,(988) 377-4902 ,774-6177 Diam Road ,Forgaria nel Friuli ,15171,Western Cape ,Brazil,Person 49,
Perry ,Sophia ,28/11/2017 ,F ,12,integer.tincidunt@aol.org ,180446200,high school ,houseworker ,Yes ,travel ,(666) 373-1926 ,Ap #371-3380 Integer Road ,Barranquilla ,13003,Nunavut ,Sweden,Person 50,
Mooney ,Calista ,30/10/2001 ,M ,87,dolor.sit.amet@outlook.edu ,158448313,high school ,farmer ,Yes ,fishing ,1-686-554-6545 ,565-5282 Id Rd. ,Strona ,41300,Tula Oblast ,India,Person 51,
Hoffman ,Eric ,9/7/2018,F ,51,mauris@icloud.net ,6761162,B.com ,houseworker ,No ,listening music ,1-916-626-3421 ,394-8050 Viverra. Road ,Wałbrzych ,19723,Victoria ,Australia,Person 52,
Hopper ,Bell ,21/09/2019 ,M ,51,molestie.dapibus@outlook.couk ,172882679,primary school ,diamondworker ,Yes ,watch movie ,1-451-413-7383 ,Ap #176-7391 Iaculis Av. ,San Venanzo ,4221,Van ,Sweden,Person 53,
Mclean ,Breanna ,16/03/2022 ,M ,30,eleifend.nec@protonmail.com ,7256372,primary school ,atheletic ,Yes ,drawing ,1-292-631-9201 ,901-5313 Sed Rd. ,Sonipat ,5339,North Island ,Peru,Person 54,
Brennan ,Martina ,24/01/2002 ,F ,26,turpis@aol.net ,8109866,engineer ,diamondworker ,No ,fishing ,1-374-818-2216 ,170-6692 Aliquet Street ,Eghezee ,88296,Huáběi ,Vietnam,Person 55,
Short ,Xavier ,2/7/2001,M ,29,libero.nec@yahoo.com ,8055116,high school ,atheletic ,No ,fishing ,(618) 115-6247 ,Ap #707-6740 Donec Av. ,Pacoa ,201881,British Columbia ,United States,Person 56,
Gray ,Lydia ,11/1/2021,M ,35,nunc.ullamcorper@protonmail.com ,141738620,high school ,racer ,Yes ,drawing ,(570) 755-7791 ,3460 Tristique Street ,Lo Espejo ,44245,FATA ,Spain,Person 57,
Solis ,Hope ,13/02/2002 ,M ,18,in@outlook.ca ,115083300,B.com ,employee ,Yes ,watch movie ,(725) 115-5523 ,Ap #398-1564 Suspendisse Ave ,Catbalogan ,15251,Delhi ,Sweden,Person 58,
Moody ,Holmes ,14/06/2013 ,M ,57,curabitur.sed.tortor@google.edu ,154383942,B.com ,student ,Yes ,watch movie ,(791) 913-0336 ,P.O. Box 144, 4623 Torquent Rd. Gebze ,557555,North West ,Mexico,Person 59,
Ball ,Leroy ,9/8/2004,M ,28,sed.sapien@icloud.couk ,176484475,bechlore ,teacher ,No ,hicking ,(345) 388-3336 ,9407 Luctus Road ,Tarakan ,44483,Caraga ,Netherlands,Person 60,
Booth ,Marsden ,26/01/2005 ,M ,29,morbi@outlook.com ,3169546,bechlore ,teacher ,No ,drawing ,(725) 478-0723 ,P.O. Box 180, 963 Eu Avenue Banda Aceh ,1651,Sonora ,Belgium,Person 61,
Leach ,Len ,1/3/2019,M ,78,risus@aol.ca ,3724866,primary school ,houseworker ,No ,watch movie ,(163) 948-8379 ,P.O. Box 217, 360 Ante St. Dublin ,539126,Ternopil oblast ,South Korea,Person 62,
Pearson ,Jin ,21/08/2017 ,M ,25,orci.phasellus.dapibus@protonmail.net ,1468661,B.com ,student ,Yes ,fishing ,(717) 208-1876 ,310 Habitant Avenue ,Musina ,50506,Puebla ,Belgium,Person 63,
Irwin ,Amela ,4/6/2017,F ,66,habitant.morbi@aol.edu ,5886684,engineer ,diamondworker ,Yes ,travel ,1-748-742-3374 ,Ap #590-9167 Ultrices Rd. ,Zamboanga City ,386223,Delta ,Poland,Person 64,
Maynard ,Hayden ,18/02/2002 ,F ,25,et.rutrum@google.org ,167113146,B.com ,diamondworker ,Yes ,drawing ,(670) 347-6404 ,P.O. Box 322, 1700 Mauris. Av. Gansu ,574654,Møre og Romsdal ,Ireland,Person 65,
Johnson ,Colorado ,24/08/1992 ,F ,33,egestas.a@google.couk ,189234060,B.com ,manager ,No ,listening music ,(235) 288-9320 ,Ap #914-8542 Lacus. St. ,Kurnool ,487145,Araucanía ,Turkey,Person 66,
Mccray ,Vielka ,27/07/2022 ,M ,8,eu.tellus.eu@google.com ,8848295,engineer ,student ,No ,travel ,1-865-411-3241 ,1060 Semper. Street ,Boryspil ,651166,North Island ,Netherlands,Person 67,
Hudson ,Catherine ,3/12/1999,F ,76,urna.nunc@outlook.ca ,151638756,primary school ,manager ,No ,travel ,(612) 493-3868 ,P.O. Box 391, 4347 At St. Schiltigheim ,43253,KwaZulu-Natal ,Spain,Person 68,
Hawkins ,Destiny ,23/09/2020 ,M ,73,phasellus.ornare.fusce@protonmail.edu ,112344661,bechlore ,farmer ,Yes ,travel ,(721) 429-5612 ,Ap #917-4115 Amet, Rd. Salzburg ,718534,Ancash ,United States,Person 69,
Deleon ,Chava ,15/10/1995 ,M ,67,velit.pellentesque.ultricies@icloud.com ,133313952,B.com ,farmer ,Yes ,travel ,(720) 597-4168 ,P.O. Box 775, 8610 Elit  St. Mjölby ,57447,Lower Austria ,Poland,Person 70,
Guerrero ,Basil ,15/06/2003 ,F ,69,nibh.quisque.nonummy@aol.net ,5853464,high school ,racer ,No ,drawing ,(231) 562-4169 ,7882 Turpis Road ,Pioneer ,63166,Extremadura ,China,Person 71,
Medina ,Nomlanga ,15/12/1997 ,M ,82,sapien.aenean@outlook.ca ,123172867,B.com ,houseworker ,Yes ,fishing ,1-522-442-6394 ,176-790 Odio. Avenue ,Pacasmayo ,41807,Podlaskie ,Austria,Person 72,
Kirk ,Kai ,17/11/2003 ,M ,22,primis.in@yahoo.couk ,7655840,B.com ,farmer ,Yes ,rafting ,1-541-744-5139 ,935-7018 Etiam Road ,Ełk ,459964,Galicia ,Mexico,Person 73,
Velez ,Zorita ,2/2/1999,F ,74,dictum.phasellus@yahoo.net ,2629225,high school ,diamondworker ,No ,watch movie ,(535) 104-4132 ,8114 Euismod Av. ,Tando Allahyar ,864619,Oslo ,United Kingdom,Person 74,
Wheeler ,Beverly ,25/04/1993 ,M ,14,in.mi@hotmail.net ,181574859,B.com ,houseworker ,No ,hicking ,1-439-221-7269 ,187-4571 Dui Road ,Tunja ,15412,Kherson oblast ,Norway,Person 75,
Carver ,Pascale ,10/11/2023,M ,89,erat.volutpat@google.net ,4852668,engineer ,farmer ,Yes ,driving ,1-445-549-2576 ,649-6852 Est Av. ,Santander ,65522,Şanlıurfa ,South Africa,Person 76,
Delaney ,McKenzie ,17/06/1991 ,F ,75,nullam.suscipit@google.edu ,4173553,B.com ,employee ,No ,drawing ,(134) 981-5242 ,7889 Libero. St. ,Lào Cai ,74565,Brussels Hoofdstedelijk Gewest ,Turkey,Person 77,
Bradshaw ,Zane ,20/11/2011 ,F ,59,enim@hotmail.ca ,162771245,primary school ,manager ,No ,listening music ,1-492-357-2171 ,Ap #243-3524 Sollicitudin Rd. ,Padang Panjang ,50102,Huádōng ,Turkey,Person 78,
Harrison ,Kaseem ,14/07/2014 ,M ,65,vitae.semper@outlook.couk ,126185401,engineer ,teacher ,No ,travel ,1-579-237-4497 ,P.O. Box 711, 7871 Lorem Rd. Vereeniging ,74336,Sokoto ,Singapore,Person 79,
Atkins ,Nicole ,8/3/2019,F ,45,risus.at@outlook.net ,7166692,high school ,farmer ,Yes ,travel ,1-681-584-6483 ,Ap #703-5630 Dignissim St. ,Mariquina ,4453433,Oyo ,Norway,Person 80,
Velazquez ,Molly ,10/10/1993,F ,54,quisque.nonummy@hotmail.ca ,156836913,B.com ,atheletic ,No ,rafting ,(445) 743-4857 ,Ap #864-8189 Ornare St. ,Giyani ,72144,Munster ,Poland,Person 81,
Carrillo ,Logan ,23/05/2014 ,F ,63,feugiat.lorem@aol.org ,199374713,engineer ,employee ,No ,drawing ,(128) 486-5172 ,Ap #565-3809 Dapibus Road ,Ila ,6863,Quebec ,Vietnam,Person 82,
Thomas ,Bert ,16/08/1992 ,F ,66,ligula.nullam@icloud.org ,184657976,bechlore ,employee ,No ,rafting ,(357) 278-4354 ,107-5896 Metus Rd. ,Cà Mau ,37185,Östergötlands län ,United States,Person 83,
William ,Katelyn ,5/1/1997,F ,32,mus.proin.vel@icloud.edu ,5814381,B.com ,houseworker ,Yes ,watch movie ,1-371-863-0595 ,P.O. Box 443, 9272 Dis Avenue Chimbote ,78335,Dolnośląskie ,Ukraine,Person 84,
Alvarez ,Germane ,19/09/2023 ,M ,13,non.vestibulum@outlook.org ,183415518,B.com ,houseworker ,Yes ,rafting ,1-469-858-7904 ,Ap #849-3289 Tincidunt, Street Siquirres ,4335,Arequipa ,Sweden,Person 85,
Jenkins ,Alfonso ,6/3/2005,F ,81,rhoncus@yahoo.ca ,169444307,bechlore ,farmer ,No ,driving ,(974) 457-4268 ,P.O. Box 501, 3224 Nulla Av. Combarbalá ,5250734,Lambayeque ,Nigeria,Person 86,
Burke ,Wesley ,17/06/1995 ,M ,75,proin@yahoo.org ,6892524,high school ,manager ,No ,driving ,(182) 942-0824 ,Ap #550-4397 Velit St. ,Charleville-Mézières ,43368,Lancashire ,Ireland,Person 87,
Lang ,Martin ,7/9/2001,M ,71,id.nunc@outlook.edu ,118646917,engineer ,teacher ,No ,drawing ,(551) 872-6285 ,3688 Augue Avenue ,Queenstown ,2665,Gyeonggi ,Costa Rica,Person 88,
Munoz ,Zoe ,23/08/2021 ,M ,38,erat.vel@google.edu ,9456687,engineer ,manager ,No ,travel ,1-124-872-3175 ,4252 Aenean Rd. ,Bokaro Steel City ,31272,Emilia-Romagna ,Peru,Person 89,
Sargent ,Gray ,15/07/2010 ,F ,6,integer@yahoo.edu ,3640767,engineer ,diamondworker ,Yes ,driving ,1-598-899-3829 ,Ap #457-792 Vel, Rd. Saravena ,31272,Luxemburg ,Nigeria,Person 90,
Frazier ,Eve ,14/08/2019 ,M ,24,egestas.a.scelerisque@yahoo.ca ,7831095,bechlore ,racer ,Yes ,fishing ,1-519-552-7817 ,646-7395 Felis Rd. ,Naperville ,73297,Mexico City ,Norway,Person 91,
Abbott ,Philip ,17/08/1992 ,M ,23,fermentum.metus@hotmail.net ,189883224,B.com ,student ,No ,watch movie ,(409) 420-7828 ,Ap #275-2274 Nonummy Avenue ,Banda Aceh ,528178,Utrecht ,Costa Rica,Person 92,
Melendez ,Shana ,27/10/2001 ,F ,78,non.hendrerit@yahoo.edu ,181851975,primary school ,racer ,Yes ,watch movie ,(452) 827-9172 ,3027 Lorem Road ,Palma de Mallorca ,454265,British Columbia ,Brazil,Person 93,
Hinton ,Quail ,21/01/2015 ,M ,54,montes.nascetur@outlook.ca ,167495697,bechlore ,racer ,No ,drawing ,(581) 856-5022 ,P.O. Box 811, 5686 Ante Road Tabaco ,92468,Santander ,Peru,Person 94,
Lambert ,Macon ,6/11/2000,M ,55,ultrices.mauris@hotmail.org ,8025868,B.com ,houseworker ,No ,listening music ,1-383-676-9353 ,9216 Augue St. ,Ranchi ,15372,Chernihiv oblast ,Poland,Person 95,
Skinner ,Hollee ,26/06/2009 ,F ,49,semper.egestas.urna@protonmail.net ,177475491,bechlore ,employee ,No ,watch movie ,(420) 736-5104 ,511-6173 Orci Ave ,Antártica ,112724,Hatay ,Pakistan,Person 96,
Mcdowell ,Katell ,19/11/2023 ,M ,34,hendrerit.a.arcu@google.couk ,160609539,engineer ,employee ,No ,travel ,(449) 437-4621 ,Ap #762-1689 Nec Ave ,Murmansk ,57258,Mecklenburg-Vorpommern ,Indonesia,Person 97,
Lucas ,Nelle ,29/07/2000 ,M ,54,ac.mattis@hotmail.couk ,3183445,primary school ,teacher ,Yes ,drawing ,1-625-795-5445 ,Ap #583-384 Ante Ave ,Cambridge ,33751,West Papua ,Netherlands,Person 98,
Hensley ,Octavius ,3/1/2005,F ,84,eget.odio@icloud.net ,125327322,high school ,teacher ,No ,watch movie ,(743) 579-6665 ,Ap #492-8643 Sit St. ,Kahramanmaraş ,33751,Bayern ,Spain,Person 99,
Rowland ,Ruby ,28/08/1998 ,M ,52,donec.egestas@yahoo.edu ,4018363,engineer ,student ,No ,listening music ,1-924-762-8628 ,P.O. Box 599, 8884 Suspendisse St. Montbéliard ,30866,Manitoba ,South Korea,Person 100,
Brown ,Carlos ,13/08/1994 ,F ,13,turpis.in@icloud.com ,126692635,primary school ,farmer ,Yes ,travel ,1-665-543-2163 ,140 A, Avenue Kashmore ,30866,Munster ,France,Person 101,